,titles,images,ratings,prices
0,"Samsung Galaxy S23 Ultra 5G AI Smartphone (Phantom Black, 12GB, 256GB Storage)",https://m.media-amazon.com/images/I/71goZuIha-L._AC_UY218_.jpg,4.5 out of 5 stars,"₹84,999"
1,"Redmi Note 13 Pro (Arctic White, 8GB RAM, 128GB Storage) | 1.5K AMOLED | 200MP Hi-Res Camera | Flagship 4nm SD 7s Gen 2 | 67W TurboCharge",https://m.media-amazon.com/images/I/71XQD0wtMPL._AC_UY218_.jpg,4.0 out of 5 stars,"₹24,998"
2,"Samsung Galaxy M05 (Mint Green, 4GB RAM, 64 GB Storage) | 50MP Dual Camera | Bigger 6.7"" HD+ Display | 5000mAh Battery | 25W Fast Charging | 2 Gen. OS Upgrade & 4 Year Security Update",https://m.media-amazon.com/images/I/81T3olLXpUL._AC_UY218_.jpg,3.3 out of 5 stars,"₹6,499"
3,"Redmi 13C 5G (Startrail Silver, 4GB RAM, 128GB Storage) | MediaTek Dimensity 6100+ 5G | 90Hz Display",https://m.media-amazon.com/images/I/81Z1scL6HvL._AC_UY218_.jpg,4.0 out of 5 stars,"₹9,199"
4,POCO C65 (Pastel Blue 4GB RAM 128GB Storage),https://m.media-amazon.com/images/I/51Zjp5fq1EL._AC_UY218_.jpg,4.0 out of 5 stars,"₹9,199"
5,"Redmi 13C 5G (Startrail Green, 4GB RAM, 128GB Storage) | MediaTek Dimensity 6100+ 5G | 90Hz Display",https://m.media-amazon.com/images/I/81KFSdWCCEL._AC_UY218_.jpg,4.0 out of 5 stars,"₹8,498"
6,"Redmi 13C (Starfrost White, 6GB RAM, 128GB Storage) | Powered by 4G MediaTek Helio G85 | 90Hz Display | 50MP AI Triple Camera",https://m.media-amazon.com/images/I/71scmEdSC2L._AC_UY218_.jpg,4.1 out of 5 stars,"₹11,499"
7,"iQOO Z9 Lite 5G (Aqua Flow, 6GB RAM, 128GB Storage) | Dimensity 6300 5G | 50MP Sony AI Camera | Charger in The Box",https://m.media-amazon.com/images/I/61WZicN+coL._AC_UY218_.jpg,4.0 out of 5 stars,"₹6,799"
8,POCO C65 (Pastel Green 4GB RAM 128GB Storage),https://m.media-amazon.com/images/I/51NkHXXapeL._AC_UY218_.jpg,4.0 out of 5 stars,"₹11,499"
9,"iQOO Z9 Lite 5G (Mocha Brown, 6GB RAM, 128GB Storage) | Dimensity 6300 5G | 50MP Sony AI Camera | Charger in The Box",https://m.media-amazon.com/images/I/619VJYWIbXL._AC_UY218_.jpg,4.0 out of 5 stars,"₹21,490"
10,"Redmi Note 13 Pro (Scarlet Red, 8GB RAM, 128GB Storage) | 1.5K AMOLED | 200MP Hi-Res Camera | Flagship 4nm SD 7s Gen 2 | 67W TurboCharge",https://m.media-amazon.com/images/I/71r41+TT2UL._AC_UY218_.jpg,4.5 out of 5 stars,"₹16,998"
11,"Redmi Note 13 5G (Stealth Black, 6GB RAM, 128GB Storage) | 5G Ready | 120Hz Bezel-Less AMOLED | 7.mm Slimmest Note Ever | 108MP Pro-Grade Camera",https://m.media-amazon.com/images/I/71NnrsYP63L._AC_UY218_.jpg,3.7 out of 5 stars,"₹6,799"
12,POCO C65 (Matte Black 4GB RAM 128GB Storage),https://m.media-amazon.com/images/I/51PQfSwIqyL._AC_UY218_.jpg,4.0 out of 5 stars,"₹8,498"
13,"realme NARZO N61 (Voyage Blue,6GB RAM+128GB Storage) 90Hz Eye Comfort Display | IP54 Dust & Water Resistance | 48-Month Fluency | Charger in The Box",https://m.media-amazon.com/images/I/71k1NTr2TnL._AC_UY218_.jpg,4.0 out of 5 stars,"₹19,998"
14,"OnePlus Nord CE4 Lite 5G (Super Silver, 8GB RAM, 128GB Storage)",https://m.media-amazon.com/images/I/61Io5-ojWUL._AC_UY218_.jpg,4.1 out of 5 stars,"₹7,698"
15,"Redmi 13C (Starfrost White, 4GB RAM, 128GB Storage) | Powered by 4G MediaTek Helio G85 | 90Hz Display | 50MP AI Triple Camera",https://m.media-amazon.com/images/I/71scmEdSC2L._AC_UY218_.jpg,4.1 out of 5 stars,"₹19,998"
16,"iQOO Z9s 5G (Titanium Matte, 8GB RAM, 128GB Storage) | 120 Hz 3D Curved AMOLED Display | 5500 mAh Ultra-Thin Battery | Dimesity 7300 5G Processor | Sony IMX882 OIS Camera with Aura Light",https://m.media-amazon.com/images/I/61BxKJrnbdL._AC_UY218_.jpg,4.4 out of 5 stars,"₹27,998"
17,"OnePlus 11R 5G (Galactic Silver, 8GB RAM, 128GB Storage)",https://m.media-amazon.com/images/I/613SAOPmLeL._AC_UY218_.jpg,4.4 out of 5 stars,"₹16,498"
18,"OnePlus Nord CE 3 Lite 5G (Chromatic Gray, 8GB RAM, 128GB Storage)",https://m.media-amazon.com/images/I/61LB+d0vheL._AC_UY218_.jpg,4.2 out of 5 stars,"₹6,299"
19,POCO C61 Ethereal Blue 4GB RAM 64GB ROM,https://m.media-amazon.com/images/I/712tqhtIw1L._AC_UY218_.jpg,4.1 out of 5 stars,"₹13,499"
20,Redmi 13 5g Black Diamond 6GB 128GB,https://m.media-amazon.com/images/I/81ndCd07RuL._AC_UY218_.jpg,3.9 out of 5 stars,"₹29,499"
21,"Redmi Note 13 Pro+ (Fusion Purple, 8GB RAM, 256GB Storage) | World's First Mediatek 7200 Ultra 5G | 200MP Hi-Res Camera | 1.5K Curved AMOLED | 120W HyperCharge",https://m.media-amazon.com/images/I/819sWoSDFRL._AC_UY218_.jpg,3.9 out of 5 stars,"₹84,999"
22,"Samsung Galaxy S23 Ultra 5G AI Smartphone (Green, 12GB, 256GB Storage)",https://m.media-amazon.com/images/I/71lD7eGdW-L._AC_UY218_.jpg,4.5 out of 5 stars,"₹15,519"
23,"Redmi Note 13 5G (Chromatic Purple, 6GB RAM, 128GB Storage)",https://m.media-amazon.com/images/I/71MGSe0lcML._AC_UY218_.jpg,3.7 out of 5 stars,"₹9,199"
24,"Redmi 13C 5G (Starlight Black, 4GB RAM, 128GB Storage) | MediaTek Dimensity 6100+ 5G | 90Hz Display",https://m.media-amazon.com/images/I/81nMsYgIHdL._AC_UY218_.jpg,4.0 out of 5 stars,"₹7,498"
25,"realme NARZO N61 (Voyage Blue,4GB RAM+64GB Storage) 90Hz Eye Comfort Display | IP54 Dust & Water Resistance | 48-Month Fluency | Charger in The Box",https://m.media-amazon.com/images/I/71k1NTr2TnL._AC_UY218_.jpg,4.0 out of 5 stars,"₹16,999"
26,"realme NARZO 70 Turbo 5G (Turbo Yellow,6GB RAM,128GB Storage) | Segment's Fastest Dimensity 7300 Energy 5G Chipset | Motorsports Inspired Design",https://m.media-amazon.com/images/I/71gdaaBCYHL._AC_UY218_.jpg,4.7 out of 5 stars,"₹9,499"
27,"POCO M6 5G (Orion Blue, 6GB RAM, 128GB Storage)",https://m.media-amazon.com/images/I/71GKbs-kJ1L._AC_UY218_.jpg,3.9 out of 5 stars,"₹8,345"
28,"Samsung Galaxy M14 4G (Arctic Blue,4GB,64GB) | 50MP Triple Cam | 5000mAh Battery | Snapdragon 680 Processor | 2 Gen. OS Upgrade & 4 Year Security Update | 8GB RAM with RAM Plus | Without Charger",https://m.media-amazon.com/images/I/81juPhKSZJL._AC_UY218_.jpg,3.8 out of 5 stars,"₹7,698"
29,"Redmi 13C (Starshine Green, 4GB RAM, 128GB Storage) | Powered by 4G MediaTek Helio G85 | 90Hz Display | 50MP AI Triple Camera",https://m.media-amazon.com/images/I/71hj88T5aBL._AC_UY218_.jpg,4.1 out of 5 stars,"₹13,498"
30,"realme NARZO 70x 5G (Ice Blue, 6GB RAM,128GB Storage)|120Hz Ultra Smooth Display|Dimensity 6100+ 6nm 5G|50MP AI Camera|45W Charger in The Box",https://m.media-amazon.com/images/I/71nMx5PxibL._AC_UY218_.jpg,4.0 out of 5 stars,"₹12,498"
31,"realme NARZO N65 5G (Amber Gold 6GB RAM, 128GB Storage) India's 1st D6300 5G Chipset | Ultra Slim Design | 120Hz Eye Comfort Display | 50MP AI Camera| Charger in The Box",https://m.media-amazon.com/images/I/71ocQY+G2XL._AC_UY218_.jpg,4.1 out of 5 stars,"₹13,499"
32,"Redmi 13 5G, Orchid Pink, 6GB+128GB | India Debut SD 4 Gen 2 AE | 108MP Pro Grade Camera | 6.79in Largest Display in Segment",https://m.media-amazon.com/images/I/81Q9jpYOFdL._AC_UY218_.jpg,3.9 out of 5 stars,"₹29,499"
33,"Redmi Note 13 Pro+ (Fusion Black, 8GB RAM, 256GB Storage) | World's First Mediatek 7200 Ultra 5G | 200MP Hi-Res Camera | 1.5K Curved AMOLED | 120W HyperCharge",https://m.media-amazon.com/images/I/71nrf4zgq5L._AC_UY218_.jpg,3.9 out of 5 stars,"₹10,499"
34,"iQOO Z9 Lite 5G (Aqua Flow, 4GB RAM, 128GB Storage) | Dimensity 6300 5G | 50MP Sony AI Camera | Charger in The Box",https://m.media-amazon.com/images/I/61WZicN+coL._AC_UY218_.jpg,4.0 out of 5 stars,"₹11,499"
35,Nokia G42 5G | Snapdragon® 480+ 5G | 50MP Triple AI Camera | 11GB RAM (6GB RAM + 5GB Virtual RAM) | 128GB Storage | 5000mAh Battery | 2 Years Android Upgrades | 20W Charger Included | So Grey,https://m.media-amazon.com/images/I/71oIjjNm+nL._AC_UY218_.jpg,3.8 out of 5 stars,"₹13,998"
36,Redmi 12 5G Jade Black 8GB RAM 256GB ROM,https://m.media-amazon.com/images/I/71tCOhEigtL._AC_UY218_.jpg,4.0 out of 5 stars,"₹11,998"
37,"Redmi 13C 5G (Starlight Black, 6GB RAM, 128GB Storage) | MediaTek Dimensity 6100+ 5G | 90Hz Display",https://m.media-amazon.com/images/I/81nMsYgIHdL._AC_UY218_.jpg,4.0 out of 5 stars,"₹8,498"
38,"realme NARZO N63 (Leather Blue, 4GB RAM+64GB Storage) 45W Fast Charge | 5000mAh Durable Battery | 7.74mm Ultra Slim | 50MP AI Camera | AI Boost",https://m.media-amazon.com/images/I/81JjTw28j8L._AC_UY218_.jpg,4.0 out of 5 stars,"₹13,393"
39,"Samsung Galaxy F15 5G (Ash Black, 6GB RAM, 128 GB Storage)",https://m.media-amazon.com/images/I/71qFJqFePsL._AC_UY218_.jpg,3.8 out of 5 stars,"₹12,280"
40,"Vivo T3 Lite 5G Smartphone (Majestic Black, 6GB Ram 128GB Storage)",https://m.media-amazon.com/images/I/51mJWpZRLmL._AC_UY218_.jpg,3.7 out of 5 stars,"₹4,490"
41,SHIVANSH Super Mini Smartphone 4G Android 10.0-2000mAh 3inch Display Sized Small Mobile Phone (2GB RAM 16GB ROM)-Color Depend ON Stock,https://m.media-amazon.com/images/I/31aeb1TCQZL._AC_UY218_.jpg,No Rating,"₹24,998"
42,"Redmi Note 13 Pro (Midnight Black, 8GB RAM, 128GB Storage) | 1.5K AMOLED | 200MP Hi-Res Camera | Flagship 4nm SD 7s Gen 2 | 67W TurboCharge",https://m.media-amazon.com/images/I/7169hX0S18L._AC_UY218_.jpg,4.0 out of 5 stars,"₹22,730"
43,Redmi Note 13 pro 5g Scarlet red 8gb 256gb,https://m.media-amazon.com/images/I/71r41+TT2UL._AC_UY218_.jpg,4.0 out of 5 stars,"₹16,998"
44,"Redmi Note 13 5G (Arctic White, 6GB RAM, 128GB Storage) | 5G Ready | 120Hz Bezel-Less AMOLED | 7.mm Slimmest Note Ever | 108MP Pro-Grade Camera",https://m.media-amazon.com/images/I/71VW8LmqqPL._AC_UY218_.jpg,3.7 out of 5 stars,"₹24,998"
45,"Redmi Note 13 Pro (Coral Purple, 8GB RAM, 128GB Storage) | 1.5K AMOLED | 200MP Hi-Res Camera | Flagship 4nm SD 7s Gen 2 | 67W TurboCharge",https://m.media-amazon.com/images/I/71aiqeP-APL._AC_UY218_.jpg,4.0 out of 5 stars,"₹9,299"
46,"Lava Blaze 5G (Glass Green, 6GB RAM, UFS 2.2 128GB Storage) | 5G Ready | 50MP AI Triple Camera | Upto 11GB Expandable RAM | Charger Included | Clean Android (No Bloatware)",https://m.media-amazon.com/images/I/51jyWjssSAL._AC_UY218_.jpg,4.0 out of 5 stars,"₹12,498"
47,"realme NARZO N65 5G (Deep Green 6GB RAM, 128GB Storage) India's 1st D6300 5G Chipset | Ultra Slim Design | 120Hz Eye Comfort Display | 50MP AI Camera| Charger in The Box",https://m.media-amazon.com/images/I/710qN4eow2L._AC_UY218_.jpg,4.1 out of 5 stars,"₹8,498"
48,"Redmi 13C (Starshine Green, 6GB RAM, 128GB Storage) | Powered by 4G MediaTek Helio G85 | 90Hz Display | 50MP AI Triple Camera",https://m.media-amazon.com/images/I/71hj88T5aBL._AC_UY218_.jpg,4.1 out of 5 stars,"₹18,248"
49,"realme NARZO 70 Pro 5G (Glass Green, 8GB RAM,256GB Storage) Dimensity 7050 5G Chipset | Horizon Glass Design | Segment 1st Flagship Sony IMX890 OIS Camera",https://m.media-amazon.com/images/I/71-ZHpmFzDL._AC_UY218_.jpg,4.1 out of 5 stars,"₹9,499"
50,"POCO M6 5G (Galactic Black,6GB RAM, 128GB Storage) | MediaTek Dimensity 6100+ 5G Processor | 5000 mAh Battery + 18W Fast Charging | 50 MP AI Dual-Camera System & Side Fingerprint Sensor",https://m.media-amazon.com/images/I/71b0T9mkV3L._AC_UY218_.jpg,3.9 out of 5 stars,"₹18,527"
51,"OnePlus Nord CE 3 Lite 5G (Chromatic Gray, 8GB RAM, 256GB Storage)",https://m.media-amazon.com/images/I/61LB+d0vheL._AC_UY218_.jpg,4.2 out of 5 stars,"₹13,499"
52,"Redmi 13 5G, Orchid Pink, 6GB+128GB | India Debut SD 4 Gen 2 AE | 108MP Pro Grade Camera | 6.79in Largest Display in Segment",https://m.media-amazon.com/images/I/81Q9jpYOFdL._AC_UY218_.jpg,3.9 out of 5 stars,"₹26,999"
53,"Samsung Galaxy S21 FE 5G (Olive, 8GB RAM, 256GB Storage) with Snapdragon 888 Processor",https://m.media-amazon.com/images/I/815U7KIpuKL._AC_UY218_.jpg,3.8 out of 5 stars,"₹14,999"
54,"Redmi 13 5G, Black Diamond, 8GB+128GB | India Debut SD 4 Gen 2 AE | 108MP Pro Grade Camera | 6.79in Largest Display in Segment",https://m.media-amazon.com/images/I/81ndCd07RuL._AC_UY218_.jpg,3.9 out of 5 stars,₹479
55,7SEVEN® Suitable for Xiaomi mi 12 pro 5g tempered glass screen protector guard with edge-to-edge full glue mobile screen Protector from anti scratch,https://m.media-amazon.com/images/I/51AL7FDYTpL._AC_UY218_.jpg,2.6 out of 5 stars,"₹8,309"
56,"Samsung Galaxy M14 4G (Sapphire Blue,4GB,64GB) | 50MP Triple Cam | 5000mAh Battery | Snapdragon 680 Processor | 2 Gen. OS Upgrade & 4 Year Security Update | 8GB RAM with RAM Plus | Without Charger",https://m.media-amazon.com/images/I/913EiorAS0L._AC_UY218_.jpg,3.9 out of 5 stars,"₹12,485"
57,"Motorola G45 5G (Brilliant Blue, 8GB RAM, 128GB Storage)",https://m.media-amazon.com/images/I/81dl4dQY3BL._AC_UY218_.jpg,5.0 out of 5 stars,"₹8,498"
58,"realme NARZO N61 (Marble Black,6GB RAM+128GB Storage) 90Hz Eye Comfort Display | IP54 Dust & Water Resistance | 48-Month Fluency | Charger in The Box",https://m.media-amazon.com/images/I/71-NQgckRZL._AC_UY218_.jpg,4.0 out of 5 stars,"₹15,999"
59,"POCO X6 5G (Skyline Blue, 8 GB RAM 256 GB Storage)",https://m.media-amazon.com/images/I/61P4xUmXo7L._AC_UY218_.jpg,4.1 out of 5 stars,"₹13,499"
60,"Redmi 13 5G, Hawaiian Blue, 6GB+128GB | India Debut SD 4 Gen 2 AE | 108MP Pro Grade Camera | 6.79in Largest Display in Segment",https://m.media-amazon.com/images/I/81weRj535kL._AC_UY218_.jpg,3.9 out of 5 stars,"₹8,645"
61,"Redmi 13C (Stardust Black, 6GB RAM, 128GB Storage) | Powered by 4G MediaTek Helio G85 | 90Hz Display | 50MP AI Triple Camera",https://m.media-amazon.com/images/I/71d1ytcCntL._AC_UY218_.jpg,4.1 out of 5 stars,"₹13,009"
62,"POCO M6 5G, Orion Blue (4GB, 64GB)",https://m.media-amazon.com/images/I/61uMH28XGWL._AC_UY218_.jpg,3.0 out of 5 stars,"₹14,999"
63,"Samsung Galaxy F15 5G (Jazzy Green, 6GB RAM, 128 GB Storage)",https://m.media-amazon.com/images/I/71ECv8YV3RL._AC_UY218_.jpg,3.8 out of 5 stars,"₹26,193"
64,"Redmi 13 5G, Orchid Pink, 8GB+128GB | India Debut SD 4 Gen 2 AE | 108MP Pro Grade Camera | 6.79in Largest Display in Segment",https://m.media-amazon.com/images/I/81Q9jpYOFdL._AC_UY218_.jpg,3.9 out of 5 stars,"₹8,998"
65,"Motorola Edge 50 Fusion 5G (Hot Pink, 12GB RAM, 256GB Storage)",https://m.media-amazon.com/images/I/71m+dNHzoGL._AC_UY218_.jpg,4.1 out of 5 stars,"₹19,998"
66,"realme NARZO N63 (Leather Blue, 4GB RAM+128GB Storage) 45W Fast Charge | 5000mAh Durable Battery | 7.74mm Ultra Slim | 50MP AI Camera | AI Boost",https://m.media-amazon.com/images/I/81JjTw28j8L._AC_UY218_.jpg,4.0 out of 5 stars,"₹16,381"
67,"OnePlus Nord CE4 Lite 5G (Ultra Orange, 8GB RAM, 128GB Storage)",https://m.media-amazon.com/images/I/51KJE22BKrL._AC_UY218_.jpg,4.1 out of 5 stars,"₹6,899"
68,"OnePlus Nord CE 3 Lite 5G (Pastel Lime, 8GB RAM, 128GB Storage)",https://m.media-amazon.com/images/I/61QRgOgBx0L._AC_UY218_.jpg,4.2 out of 5 stars,"₹17,999"
69,"TECNO POP 8 (Gravity Black, 4GB+64GB)| 90Hz Punch Hole Display with Dynamic Port & Dual Speakers with DTS| 5000mAh Battery |10W Type-C| Side Fingerprint Sensor| Octa-Core Processor",https://m.media-amazon.com/images/I/61wbxpNaD1L._AC_UY218_.jpg,4.1 out of 5 stars,"₹10,999"
70,"OnePlus Nord CE 3 5G (Aqua Surge, 8GB RAM, 128GB Storage)",https://m.media-amazon.com/images/I/6175SlKKECL._AC_UY218_.jpg,4.2 out of 5 stars,"₹5,999"
71,"Vivo Y27 (Burgundy Black, 6GB RAM, 128GB Storage) with No Cost EMI/Additional Exchange Offers",https://m.media-amazon.com/images/I/61gdyDHr9ZL._AC_UY218_.jpg,4.0 out of 5 stars,"₹14,499"
72,"itel A50|6.6"" HD+ Display with Dynamic Bar| 3GB RAM +64GB ROM, Upto 8GB RAM with Memory Fusion|Octacore Processor|8MP AI Dual Rear Cam|5000 mAh Battery | Misty Black",https://m.media-amazon.com/images/I/71i5SeyO58L._AC_UY218_.jpg,3.8 out of 5 stars,"₹17,999"
73,"Samsung Galaxy M15 5G (Blue Topaz,6GB RAM,128GB Storage)| 50MP Triple Cam| 6000mAh Battery| MediaTek Dimensity 6100+| 4 Gen. OS Upgrade & 5 Year Security Update| Super AMOLED Display| Without Charger",https://m.media-amazon.com/images/I/81BTRVfsuFL._AC_UY218_.jpg,3.8 out of 5 stars,"₹8,498"
74,"realme NARZO 70 Turbo 5G (Turbo Purple,8GB RAM,128GB Storage) | Segment's Fastest Dimensity 7300 Energy 5G Chipset | Motorsports Inspired Design",https://m.media-amazon.com/images/I/71kIK8UyA3L._AC_UY218_.jpg,4.7 out of 5 stars,"₹30,998"
75,"realme NARZO N63 (Twilight Purple,4GB RAM+64GB Storage) 45W Fast Charge | 5000mAh Durable Battery | 7.74mm Ultra Slim | 50MP AI Camera | AI Boost",https://m.media-amazon.com/images/I/71ej8uLNzCL._AC_UY218_.jpg,4.0 out of 5 stars,"₹18,248"
76,"realme GT 6T 5G (Fluid Silver,8GB RAM+128GB Storage) | India's 1st 7+ Gen 3 Flagship Chipset | 1.5M+AnTuTu Score | 5500mAh+120W | The World's Brightest Flagship Display",https://m.media-amazon.com/images/I/71ftthp966L._AC_UY218_.jpg,4.3 out of 5 stars,"₹13,276"
77,"realme NARZO 70 Pro 5G (Glass Gold, 8GB RAM,256GB Storage) Dimensity 7050 5G Chipset | Horizon Glass Design | Segment 1st Flagship Sony IMX890 OIS Camera",https://m.media-amazon.com/images/I/71VwgEu6N6L._AC_UY218_.jpg,4.1 out of 5 stars,"₹12,729"
78,"Samsung Galaxy F15 5G (Groovy Violet, 6GB RAM, 128 GB Storage)",https://m.media-amazon.com/images/I/71zwWBcSUML._AC_UY218_.jpg,3.8 out of 5 stars,"₹26,998"
79,"realme 12x 5G (Woodland Green, 6GB RAM, 128GB Storage) | Upto 12GB (6+6GB) Dynamic RAM | Dimensity 6100+ Processor | 50 MP AI Camera | 7.69 mm Ultra-Slim Trendy Watch Design | 45 W SUPERVOOC Charge",https://m.media-amazon.com/images/I/717yx8s4prL._AC_UY218_.jpg,4.0 out of 5 stars,"₹27,998"
80,"Oneplus Nord CE4 (Dark Chrome, 8GB RAM, 256GB Storage)",https://m.media-amazon.com/images/I/61g1pqSjAhL._AC_UY218_.jpg,4.2 out of 5 stars,"₹23,299"
81,"OnePlus 11R 5G (Sonic Black, 8GB RAM, 128GB Storage)",https://m.media-amazon.com/images/I/61u9zN1HYCL._AC_UY218_.jpg,4.4 out of 5 stars,"₹14,999"
82,"Motorola Edge 50 Fusion 5G (Hot Pink, 8GB RAM, 128GB Storage)",https://m.media-amazon.com/images/I/71m+dNHzoGL._AC_UY218_.jpg,4.1 out of 5 stars,"₹13,998"
83,"Redmi 13 5G, Orchid Pink, 8GB+128GB | India Debut SD 4 Gen 2 AE | 108MP Pro Grade Camera | 6.79in Largest Display in Segment",https://m.media-amazon.com/images/I/81Q9jpYOFdL._AC_UY218_.jpg,3.9 out of 5 stars,"₹17,999"
84,Redmi 12 5G Moonstone Silver 8GB RAM 256GB ROM,https://m.media-amazon.com/images/I/61SmnheBBRL._AC_UY218_.jpg,4.0 out of 5 stars,"₹6,299"
85,"Oneplus Nord CE 3 5G (Grey Shimmer, 8GB RAM, 128GB Storage)",https://m.media-amazon.com/images/I/61abLrCfF7L._AC_UY218_.jpg,4.2 out of 5 stars,"₹24,998"
86,POCO C61 Mystical Green 4GB RAM 64GB ROM,https://m.media-amazon.com/images/I/71bQeLHQF-L._AC_UY218_.jpg,3.2 out of 5 stars,"₹8,998"
87,"iQOO Z9s Pro 5G (Luxe Marble, 8GB RAM, 128GB Storage) | Snapdragon 7 Gen 3 Processor | 120 Hz Curved AMOLED Display with 4500 nits Local Peak Brightness | 5500 mAh Battery | AI Erase",https://m.media-amazon.com/images/I/61SnaL4+EFL._AC_UY218_.jpg,4.5 out of 5 stars,"₹12,684"
88,"realme NARZO N63 (Twilight Purple,4GB RAM+128GB Storage) 45W Fast Charge | 5000mAh Durable Battery | 7.74mm Ultra Slim | 50MP AI Camera | AI Boost",https://m.media-amazon.com/images/I/71ej8uLNzCL._AC_UY218_.jpg,4.0 out of 5 stars,"₹24,999"
89,"realme 12X 5G (Twilight Purple, 6GB RAM, 128GB Storage)",https://m.media-amazon.com/images/I/711kX064JHL._AC_UY218_.jpg,4.0 out of 5 stars,"₹14,498"
90,"OPPO F27 5G (Emerald Green, 8GB RAM, 256GB Storage) | 6.67"" FHD+ AMOLED Display|32MP Sony IMX615 Selfie Camera |AI Portrait Expert| 45W SUPERVOOC| with No Cost EMI/Additional Exchange Offers",https://m.media-amazon.com/images/I/81CFCXH1tVL._AC_UY218_.jpg,3.2 out of 5 stars,"₹36,875"
91,"iQOO Z9x 5G (Storm Grey, 6GB RAM, 128GB Storage) | Snapdragon 6 Gen 1 with 560k+ AnTuTu Score | 6000mAh Battery with 7.99mm Slim Design | 44W FlashCharge",https://m.media-amazon.com/images/I/61sY8BGOyEL._AC_UY218_.jpg,4.1 out of 5 stars,"₹6,800"
92,SAMSUNG GALAXY S23 FE 5G (PURPLE 256 GB STORAGE) (8 GB RAM),https://m.media-amazon.com/images/I/610Q2I5Or8L._AC_UY218_.jpg,3.7 out of 5 stars,"₹12,999"
93,"Redmi A3X (Midnight Black, 3GB RAM, 64GB Storage) | Premium Halo Design | 90Hz Display | Powerful Octa Core Processor",https://m.media-amazon.com/images/I/714GaXJHGGL._AC_UY218_.jpg,3.5 out of 5 stars,"₹14,998"
94,"Samsung Galaxy M15 5G (Blue Topaz,4GB RAM,128GB Storage)| 50MP Triple Cam| 6000mAh Battery| MediaTek Dimensity 6100+| 4 Gen. OS Upgrade & 5 Year Security Update| Super AMOLED Display| Without Charger",https://m.media-amazon.com/images/I/81BTRVfsuFL._AC_UY218_.jpg,3.8 out of 5 stars,"₹14,498"
95,"realme NARZO 70x 5G (Forest Green, 8GB RAM,128GB Storage) | 120Hz Ultra Smooth Display | Dimensity 6100+ 6nm 5G | 50MP AI Camera | 45W Charger in The Box",https://m.media-amazon.com/images/I/71h8NUTmBOL._AC_UY218_.jpg,4.0 out of 5 stars,"₹10,499"
96,"iQOO Z9x 5G (Tornado Green, 6GB RAM, 128GB Storage) | Snapdragon 6 Gen 1 with 560k+ AnTuTu Score | 6000mAh Battery with 7.99mm Slim Design | 44W FlashCharge",https://m.media-amazon.com/images/I/61wHkeTOhWL._AC_UY218_.jpg,4.1 out of 5 stars,"₹15,983"
97,"iQOO Z9 Lite 5G (Mocha Brown, 4GB RAM, 128GB Storage) | Dimensity 6300 5G | 50MP Sony AI Camera | Charger in The Box",https://m.media-amazon.com/images/I/619VJYWIbXL._AC_UY218_.jpg,4.0 out of 5 stars,"₹15,999"
98,CMF BY NOTHING Phone 1 5G (128 GB) (6 GB RAM) (Light Green),https://m.media-amazon.com/images/I/71YSFux7ZxL._AC_UY218_.jpg,4.2 out of 5 stars,"₹13,998"
99,"TECNO Camon 20 Premier 5G (Dark Welkin, 8GB RAM,512GB Storage)|8GB Expandable RAM| Industry 1st 50MP RGBW-Pro Camera| Segment 1st 108MP Ultra-Wide Macro Lens |6.67"" 120Hz, 10bit AMOLED in-display",https://m.media-amazon.com/images/I/61fCMUcXtzL._AC_UY218_.jpg,3.9 out of 5 stars,"₹18,778"
100,"Redmi 13C 5G (Starlight Black, 8GB RAM, 256GB Storage) | MediaTek Dimensity 6100+ 5G | 90Hz Display",https://m.media-amazon.com/images/I/81nMsYgIHdL._AC_UY218_.jpg,4.0 out of 5 stars,"₹55,900"
101,"Moto G85 5G (128, Cobalt Blue, New)",https://m.media-amazon.com/images/I/51lcV2EKggL._AC_UY218_.jpg,4.3 out of 5 stars,"₹35,998"
102,Apple iPhone 14 (128 GB) - Starlight,https://m.media-amazon.com/images/I/618Bb+QzCmL._AC_UY218_.jpg,4.5 out of 5 stars,"₹7,498"
103,"realme GT 6T 5G (Fluid Silver,12GB RAM+256GB Storage) | India's 1st 7+ Gen 3 Flagship Chipset | 1.5M + AnTuTu Score | 5500mAh+120W | The World's Brightest Flagship Display",https://m.media-amazon.com/images/I/71ftthp966L._AC_UY218_.jpg,4.3 out of 5 stars,"₹5,999"
104,"realme NARZO N61 (Marble Black, 4GB RAM+64GB Storage) 90Hz Eye Comfort Display | IP54 Dust & Water Resistance | 48-Month Fluency | Charger in The Box",https://m.media-amazon.com/images/I/71-NQgckRZL._AC_UY218_.jpg,4.0 out of 5 stars,"₹13,498"
105,"itel A50|6.6"" HD+ Display with Dynamic Bar| 3GB RAM +64GB ROM, Upto 8GB RAM with Memory Fusion|Octacore Processor|8MP AI Dual Rear Cam|5000 mAh Battery | Cyan Blue",https://m.media-amazon.com/images/I/71yijtbszvL._AC_UY218_.jpg,3.8 out of 5 stars,"₹12,499"
106,"realme NARZO 70x 5G (Forest Green, 6GB RAM,128GB Storage| 120Hz Ultra Smooth Display | Dimensity 6100+ 6nm 5G | 50MP AI Camera | 45W Charger in The Box",https://m.media-amazon.com/images/I/71h8NUTmBOL._AC_UY218_.jpg,4.0 out of 5 stars,"₹6,299"
107,"Motorola G45 5G (Brilliant Green, 8GB RAM, 128GB Storage)",https://m.media-amazon.com/images/I/81nbqAPGLKL._AC_UY218_.jpg,4.5 out of 5 stars,"₹20,999"
108,POCO C61 Diamond Dust Black 4GB RAM 64GB ROM,https://m.media-amazon.com/images/I/71fSTJ34SnL._AC_UY218_.jpg,3.4 out of 5 stars,"₹19,998"
109,"realme NARZO 70 Turbo 5G (Turbo Purple,12GB RAM, 256GB Storage) | Segment's Fastest Dimensity 7300 Energy 5G Chipset | Motorsports Inspired Design",https://m.media-amazon.com/images/I/71kIK8UyA3L._AC_UY218_.jpg,4.7 out of 5 stars,"₹5,999"
110,"iQOO Z9s 5G (Onyx Green, 8GB RAM, 128GB Storage) | 120 Hz 3D Curved AMOLED Display | 5500 mAh Ultra-Thin Battery | Dimesity 7300 5G Processor | Sony IMX882 OIS Camera with Aura Light",https://m.media-amazon.com/images/I/61nO5YRaAxL._AC_UY218_.jpg,4.4 out of 5 stars,"₹31,716"
111,"itel A50|6.6"" HD+ Display with Dynamic Bar| 3GB RAM +64GB ROM, Upto 8GB RAM with Memory Fusion|Octacore Processor|8MP AI Dual Rear Cam|5000 mAh Battery | Lime Green",https://m.media-amazon.com/images/I/61kpTcq7YQL._AC_UY218_.jpg,3.8 out of 5 stars,"₹17,180"
112,"Motorola Edge 50 Pro 5G with 125W Charger (Luxe Lavender, 256 GB) (12 GB RAM)",https://m.media-amazon.com/images/I/715aoVxQNTL._AC_UY218_.jpg,3.5 out of 5 stars,"₹6,789"
113,"Motorola G64 5G (Ice Lilac, 12GB RAM, 256GB Storage) | Expandable Upto 2TB | Upto 24GB RAM with RAM Boost | 50MP (OIS) + 8MP | 16MP Front Camera | MediaTek Dimensity 7025 Processor | 6000 mAh Battery",https://m.media-amazon.com/images/I/71ynZLgkkBL._AC_UY218_.jpg,3.7 out of 5 stars,"₹12,715"
114,"Redmi A3X (Olive Green, 3GB RAM, 64GB Storage) | Premium Halo Design | 90Hz Display | Powerful Octa Core Processor",https://m.media-amazon.com/images/I/81RRU5yR6eL._AC_UY218_.jpg,3.5 out of 5 stars,"₹25,640"
115,"Motorola G45 5G (Viva Magenta, 8GB RAM, 128GB Storage)",https://m.media-amazon.com/images/I/81kDmUnxBdL._AC_UY218_.jpg,5.0 out of 5 stars,"₹13,499"
116,"Nothing Phone (2a) 5G (Black, 8GB RAM, 256GB Storage) | 6.7"" AMOLED Display | 50MP (OIS) + 50 MP | 32 MP Front | Mediatek Dimensity 7200 Pro Processor | Glyph Interface | 45 W Charging 100% in 59 mins",https://m.media-amazon.com/images/I/4172-I2V+AL._AC_UY218_.jpg,4.2 out of 5 stars,"₹14,099"
117,Redmi 13 5g Black Diamond 6GB 128GB,https://m.media-amazon.com/images/I/81ndCd07RuL._AC_UY218_.jpg,3.9 out of 5 stars,"₹20,950"
118,"Vivo T3x 5G (Celestial Green, 128 GB) (6 GB RAM)",https://m.media-amazon.com/images/I/81eJJYFsztL._AC_UY218_.jpg,4.3 out of 5 stars,"₹13,499"
119,"Moto G85 5G (256, Olive Green, New)",https://m.media-amazon.com/images/I/71zoUhd6fXL._AC_UY218_.jpg,4.1 out of 5 stars,"₹14,499"
120,"OPPO A3X 5G (Starry Purple, 4GB RAM, 128GB Storage)|6.67” HD+ 120Hz Refresh Rate Screen | 45W SUPERVOOC|with No Cost EMI/Additional Exchange Offers",https://m.media-amazon.com/images/I/81Tx+kozw2L._AC_UY218_.jpg,3.7 out of 5 stars,"₹15,999"
121,"Samsung Galaxy M15 5G (Celestial Blue,6GB RAM,128GB Storage)| 50MP Triple Cam| 6000mAh Battery|MediaTek Dimensity 6100+| 4 Gen. OS Upgrade & 5 Year Security Update|Super AMOLED Display|Without Charger",https://m.media-amazon.com/images/I/81HaKFx7EGL._AC_UY218_.jpg,3.8 out of 5 stars,"₹38,998"
122,"POCO X6 5G (Snowstorm White, 8 GB RAM 256 GB Storage)",https://m.media-amazon.com/images/I/71mh+ppnQsL._AC_UY218_.jpg,4.1 out of 5 stars,"₹10,749"
123,"iQOO Neo9 Pro 5G (Fiery Red, 12GB RAM, 256GB Storage) | Snapdragon 8 Gen 2 Processor | Supercomputing Chip Q1 | Flagship Level Sony IMX920 Camera",https://m.media-amazon.com/images/I/718jcIFYaAL._AC_UY218_.jpg,4.3 out of 5 stars,"₹42,998"
124,"POCO M6 Pro 5G (Power Black, 4GB RAM, 128GB Storage) | Snapdragon 4 Gen 2 | 6.79"" Large Screen with 90Hz Refresh Rate | 50 MP Dual AI Camera",https://m.media-amazon.com/images/I/51dGqSFNrDL._AC_UY218_.jpg,3.8 out of 5 stars,"₹20,999"
125,"OnePlus 12R (Cool Blue, 8GB RAM, 256GB Storage)",https://m.media-amazon.com/images/I/717JX3femML._AC_UY218_.jpg,4.3 out of 5 stars,"₹21,998"
126,"realme NARZO 70 Turbo 5G (Turbo Yellow,12GB RAM,256GB Storage) | Segment's Fastest Dimensity 7300 Energy 5G Chipset | Motorsports Inspired Design",https://m.media-amazon.com/images/I/71gdaaBCYHL._AC_UY218_.jpg,4.7 out of 5 stars,"₹19,999"
127,"iQOO Z9s 5G (Titanium Matte, 8GB RAM, 256GB Storage) | 120 Hz 3D Curved AMOLED Display | 5500 mAh Ultra-Thin Battery | Dimesity 7300 5G Processor | Sony IMX882 OIS Camera with Aura Light",https://m.media-amazon.com/images/I/61BxKJrnbdL._AC_UY218_.jpg,4.4 out of 5 stars,"₹7,999"
128,"Samsung Galaxy M35 5G (Thunder Grey,6GB RAM,128GB Storage)| Corning Gorilla Glass Victus+| AnTuTu Score 595K+ | Vapour Cooling Chamber | 6000mAh Battery | 120Hz Super AMOLED Display| Without Charger",https://m.media-amazon.com/images/I/81XXj6IKM8L._AC_UY218_.jpg,4.1 out of 5 stars,"₹29,999"
129,"vivo Y18i (Space Black, 4GB RAM, 64GB Storage) with No Cost EMI/Additional Exchange Offers |Without Charger",https://m.media-amazon.com/images/I/61slrN5n-FL._AC_UY218_.jpg,3.0 out of 5 stars,"₹14,445"
130,"TECNO Spark 20C | Gravity Black, (8GB+128GB)| 50MP Main Camera + 8MP Selfie| 90Hz Dot-in Display with Dynamic Port & Dual Speakers with DTS| 5000mAh Battery |18W Type-C| Helio G36 Processor",https://m.media-amazon.com/images/I/61spXlBT2IL._AC_UY218_.jpg,3.9 out of 5 stars,"₹15,499"
131,"OPPO F27 Pro+ 5G (Midnight Navy, 8GB RAM, 256GB Storage) | 6.7"" FHD+ AMOLED Toughest 3D Curved Display|64MP AI Featured Camera|IP69 | 67W SUPERVOOC| with No Cost EMI/Additional Exchange Offers",https://m.media-amazon.com/images/I/91wPh6RMcdL._AC_UY218_.jpg,4.0 out of 5 stars,"₹84,999"
132,"Vivo T3x 5G (Crimson Bliss, 128 GB) (6 GB RAM)",https://m.media-amazon.com/images/I/81fIY-Cq9UL._AC_UY218_.jpg,3.8 out of 5 stars,"₹16,999"
133,"Samsung Galaxy A15 5G (Blue, 6GB, 128GB Storage) | 50 MP Main Camera | Android 14 with One UI 6.0 | 12GB Expandable RAM | MediaTek Dimensity 6100+ | 5000 mAh Battery",https://m.media-amazon.com/images/I/71+0MKV37HL._AC_UY218_.jpg,4.0 out of 5 stars,"₹18,498"
134,"Samsung Galaxy S23 Ultra 5G AI Smartphone (Cream, 12GB, 256GB Storage)",https://m.media-amazon.com/images/I/71OXmy3NMCL._AC_UY218_.jpg,4.5 out of 5 stars,"₹8,490"
135,"OnePlus Nord CE 2 5G (Bahamas Blue, 8GB RAM, 128GB Storage)",https://m.media-amazon.com/images/I/61+Q6Rh3OQL._AC_UY218_.jpg,4.3 out of 5 stars,"₹19,999"
136,"iQOO Z9 5G (Graphene Blue, 8GB RAM, 128GB Storage) | Dimensity 7200 5G Processor | Sony IMX882 OIS Camera | 120Hz AMOLED with 1800 nits Local Peak Brightness | 44W Charger in The Box",https://m.media-amazon.com/images/I/612JxXPJPPL._AC_UY218_.jpg,4.2 out of 5 stars,"₹23,190"
137,Motorola G04s 4G (4GB RAM & 64GB Storage) (Sunrise Orange),https://m.media-amazon.com/images/I/71DIEDd-fkL._AC_UY218_.jpg,5.0 out of 5 stars,"₹16,998"
138,"Samsung Galaxy M35 5G (Moonlight Blue,6GB RAM,128GB Storage)| Corning Gorilla Glass Victus+| AnTuTu Score 595K+ | Vapour Cooling Chamber | 6000mAh Battery | 120Hz Super AMOLED Display| Without Charger",https://m.media-amazon.com/images/I/81K450cOJML._AC_UY218_.jpg,4.1 out of 5 stars,"₹25,999"
139,"realme 12 Pro 5G (Navigator Beige, 8GB RAM 256 GB Storage)",https://m.media-amazon.com/images/I/714oelPJK0L._AC_UY218_.jpg,4.2 out of 5 stars,"₹22,998"
140,"Redmi Note 13 5G (Arctic White, 6GB RAM, 128GB Storage) | 5G Ready | 120Hz Bezel-Less AMOLED | 7.mm Slimmest Note Ever | 108MP Pro-Grade Camera",https://m.media-amazon.com/images/I/71VW8LmqqPL._AC_UY218_.jpg,3.7 out of 5 stars,"₹32,861"
141,"HONOR X9b 5G (Midnight Black, 8GB + 256GB) | India's First Ultra-Bounce Anti-Drop Curved AMOLED Display | 5800mAh Battery | 108MP Primary Camera | Without Charger",https://m.media-amazon.com/images/I/71dGNC6hjHL._AC_UY218_.jpg,3.7 out of 5 stars,"₹27,995"
142,"OnePlus Nord CE4 Lite 5G (Super Silver, 8GB RAM, 256GB Storage)",https://m.media-amazon.com/images/I/61Io5-ojWUL._AC_UY218_.jpg,4.1 out of 5 stars,"₹34,945"
143,"Vivo V40 5G Smartphone (Lotus Purple, 8GB RAM, 128GB Storage)",https://m.media-amazon.com/images/I/61Mr3os9ZQL._AC_UY218_.jpg,4.0 out of 5 stars,"₹7,298"
144,"Samsung Galaxy S21 FE 5G (Graphite, 8GB RAM, 256GB Storage) with Snapdragon 888 Processor",https://m.media-amazon.com/images/I/81vqHyDCSCL._AC_UY218_.jpg,3.8 out of 5 stars,"₹6,899"
145,"Vivo V40 5G Smartphone (Lotus Purple, 8GB RAM, 256GB Storage)",https://m.media-amazon.com/images/I/61Mr3os9ZQL._AC_UY218_.jpg,5.0 out of 5 stars,"₹17,984"
146,"TECNO Spark GO 1 (Glittery White, 4GB+64GB) | 4+ Years Lag Free Fluency | 6.67"" 120Hz Smooth Display | 8GB* Bigger RAM | in-Built Infrared Remote | Dual Speakers with DTS | AI Call Noise Reduction",https://m.media-amazon.com/images/I/61Mo4SaSfiL._AC_UY218_.jpg,3.9 out of 5 stars,"₹17,599"
147,"TECNO POP 8 (Alpenglow Gold, 4GB+64GB)| 90Hz Punch Hole Display with Dynamic Port & Dual Speakers with DTS| 5000mAh Battery |10W Type-C| Side Fingerprint Sensor| Octa-Core Processor",https://m.media-amazon.com/images/I/61luwQe5iiL._AC_UY218_.jpg,4.1 out of 5 stars,"₹10,964"
148,"OnePlus Nord CE 2 Lite 5G (Blue Tide, 6GB RAM, 128GB Storage)",https://m.media-amazon.com/images/I/61fDxgcyBDL._AC_UY218_.jpg,4.2 out of 5 stars,"₹4,299"
149,"OnePlus Nord CE 3 Lite 5G (Pastel Lime, 8GB RAM, 256GB Storage)",https://m.media-amazon.com/images/I/61QRgOgBx0L._AC_UY218_.jpg,4.2 out of 5 stars,"₹13,998"
150,"Vivo T3 Lite 5G Smartphone (Vibrant Green, 4GB Ram 128GB Storage)",https://m.media-amazon.com/images/I/61VxzkiD1EL._AC_UY218_.jpg,4.0 out of 5 stars,"₹16,999"
151,"Nokia 2660 Flip 4G Volte keypad Phone with Dual SIM, Dual Screen, inbuilt MP3 Player & Wireless FM Radio | Black",https://m.media-amazon.com/images/I/61RBrScYUSL._AC_UY218_.jpg,3.9 out of 5 stars,"₹21,999"
152,"TECNO POVA 6 NEO (Midnight Shadow, 8GB+256GB)| Advanced AI Features | 108MP Ultra Clear AI Camera | D6300 Powerful Processor | 5 Year Lag Free Fluency | 5000 mAh Battery | in Build Infrared and NFC",https://m.media-amazon.com/images/I/61A+9IMyutL._AC_UY218_.jpg,3.6 out of 5 stars,"₹14,999"
153,"realme NARZO 70 Turbo 5G (Turbo Purple,6GB RAM,128GB Storage) | Segment's Fastest Dimensity 7300 Energy 5G Chipset | Motorsports Inspired Design",https://m.media-amazon.com/images/I/71kIK8UyA3L._AC_UY218_.jpg,4.7 out of 5 stars,"₹16,999"
154,"iQOO Z7 Pro 5G (Blue Lagoon, 8GB RAM, 256GB Storage) | 3D Curved AMOLED Display | 4nm MediaTek Dimesity 7200 5G Processor | 64MP Aura Light OIS Camera | Segment's Slimmest & Lightest Smartphone",https://m.media-amazon.com/images/I/61Id6WJDWqL._AC_UY218_.jpg,4.3 out of 5 stars,"₹16,999"
155,"realme 12 5G (Woodland Green, 8GB RAM 128 GB Storage) | 108 MP 3X Zoom Portrait Camera | Trendy Watch Design | 45 W SUPERVOOC Charge | 5000 mAh Massive Battery | Dual Stereo Speakers | Dynamic Button",https://m.media-amazon.com/images/I/610rGG8jMsL._AC_UY218_.jpg,4.1 out of 5 stars,"₹11,998"
156,"Lava Agni 2 5G (Glass Viridian, 8GB RAM, 256GB Storage) | India's First Dimensity 7050 Processor | 120 Hz Curved Amoled Display | 13 5G Bands | Superfast 66W Charging | Clean Android",https://m.media-amazon.com/images/I/61OBw+XUiuL._AC_UY218_.jpg,4.1 out of 5 stars,"₹13,890"
157,"Samsung Galaxy A15 5G (Blue, 8GB, 128GB Storage) | 50 MP Main Camera | Android 14 with One UI 6.0 | 16GB Expandable RAM | MediaTek Dimensity 6100+ | 5000 mAh Battery",https://m.media-amazon.com/images/I/71+0MKV37HL._AC_UY218_.jpg,3.9 out of 5 stars,"₹14,197"
158,"Redmi 13C 5G (Startrail Green,6GB RAM, 128GB Storage) | MediaTek Dimensity 6100+ 5G | 90Hz Display",https://m.media-amazon.com/images/I/81KFSdWCCEL._AC_UY218_.jpg,4.0 out of 5 stars,"₹20,999"
159,"Vivo T2x 5G (Marine Blue, 128 GB) (6 GB RAM)",https://m.media-amazon.com/images/I/71q-0gZcl6L._AC_UY218_.jpg,4.2 out of 5 stars,"₹28,999"
160,"realme 12x 5G (Twilight Purple, 8GB RAM, 128GB Storage) | Upto 16GB (8+8GB) Dynamic RAM | Dimensity 6100+ Processor | 50 MP AI Camera | 7.69 mm Ultra-Slim Trendy Watch Design | 45 W SUPERVOOC Charge",https://m.media-amazon.com/images/I/711kX064JHL._AC_UY218_.jpg,4.0 out of 5 stars,"₹11,998"
161,"iQOO Z7 Pro 5G (Blue Lagoon, 8GB RAM, 128GB Storage) | 3D Curved AMOLED Display | 4nm MediaTek Dimesity 7200 5G Processor | 64MP Aura Light OIS Camera | Segment's Slimmest & Lightest Smartphone",https://m.media-amazon.com/images/I/61Id6WJDWqL._AC_UY218_.jpg,4.4 out of 5 stars,"₹30,999"
162,"iQOO Z9s Pro 5G (Luxe Marble, 12GB RAM, 256GB Storage) | Snapdragon 7 Gen 3 Processor | 120 Hz Curved AMOLED Display with 4500 nits Local Peak Brightness | 5500 mAh Battery | AI Erase",https://m.media-amazon.com/images/I/61SnaL4+EFL._AC_UY218_.jpg,4.5 out of 5 stars,"₹23,998"
163,"Redmi 13C 5G (Startrail Silver, 6GB RAM, 128GB Storage) | MediaTek Dimensity 6100+ 5G | 90Hz Display",https://m.media-amazon.com/images/I/81Z1scL6HvL._AC_UY218_.jpg,4.0 out of 5 stars,"₹14,998"
164,"Samsung Galaxy A35 5G (Awesome Iceblue, 8GB RAM, 128GB Storage) | Premium Glass Back | 50 MP Main Camera (OIS) | Nightography | IP67 | Corning Gorilla Glass Victus+ | sAMOLED with Vision Booster",https://m.media-amazon.com/images/I/71MBDTglV4L._AC_UY218_.jpg,3.6 out of 5 stars,"₹27,780"
165,"iQOO Z9s 5G (Titanium Matte, 12GB RAM, 256GB Storage) | 120 Hz 3D Curved AMOLED Display | 5500 mAh Ultra-Thin Battery | Dimesity 7300 5G Processor | Sony IMX882 OIS Camera with Aura Light",https://m.media-amazon.com/images/I/61BxKJrnbdL._AC_UY218_.jpg,4.4 out of 5 stars,"₹47,500"
166,"realme NARZO 70x 5G (Ice Blue, 8GB RAM,128GB Storage)|120Hz Ultra Smooth Display|Dimensity 6100+ 6nm 5G|50MP AI Camera|45W Charger in The Box",https://m.media-amazon.com/images/I/711XMQxLlwL._AC_UY218_.jpg,4.0 out of 5 stars,"₹14,383"
167,"Nothing Phone (2a) 5G (Black, 12GB RAM, 256GB Storage)| Up to 24GB RAM | 6.7"" AMOLED Display | 50MP (OIS) + 50 MP | 32 MP Front | Mediatek Dimensity 7200 Pro Processor | 45 W Charging 100% in 59 mins",https://m.media-amazon.com/images/I/81jCuUqH4BL._AC_UY218_.jpg,4.2 out of 5 stars,"₹11,798"
168,Apple iPhone 13 (128GB) - Midnight,https://m.media-amazon.com/images/I/61VuVU94RnL._AC_UY218_.jpg,4.5 out of 5 stars,"₹11,590"
169,"Vivo T3x 5G (Crimson Bliss, 128 GB) (6 GB RAM)",https://m.media-amazon.com/images/I/81m1SddJ6-L._AC_UY218_.jpg,3.9 out of 5 stars,"₹26,998"
170,"realme C63 5G (Forest Green, 6GB RAM, 128GB Storage)",https://m.media-amazon.com/images/I/81kWQY4gOuL._AC_UY218_.jpg,1.0 out of 5 stars,"₹7,207"
171,"realme C65 5G (Feather Green, 128 GB) (6 GB RAM)",https://m.media-amazon.com/images/I/717OTCWgqoL._AC_UY218_.jpg,4.1 out of 5 stars,"₹7,999"
172,"iQOO Z9s Pro 5G (Luxe Marble, 8GB RAM, 256GB Storage) | Snapdragon 7 Gen 3 Processor | 120 Hz Curved AMOLED Display with 4500 nits Local Peak Brightness | 5500 mAh Battery | AI Erase",https://m.media-amazon.com/images/I/61SnaL4+EFL._AC_UY218_.jpg,4.5 out of 5 stars,"₹12,999"
173,"Redmi 12C (Royal Blue, 4GB RAM, 64GB Storage) | High Performance Mediatek Helio G85 | Big 17cm(6.71) HD+ Display with 5000mAh(typ) Battery",https://m.media-amazon.com/images/I/81itQPVn-GL._AC_UY218_.jpg,4.0 out of 5 stars,"₹13,939"
174,"Lava O2 (Imperial Green, 8GB RAM, UFS 2.2 128GB Storage) |AG Glass Back|T616 Octacore Processor|18W Fast Charging|6.5 inch 90Hz Punch Hole Display|50MP AI Dual Camera|Upto 16GB Expandable RAM",https://m.media-amazon.com/images/I/51yudMdOb8L._AC_UY218_.jpg,3.8 out of 5 stars,"₹12,998"
175,"Samsung Galaxy M15 5G (Stone Grey,4GB RAM,128GB Storage)| 50MP Triple Cam| 6000mAh Battery| MediaTek Dimensity 6100+| 4 Gen. OS Upgrade & 5 Year Security Update| Super AMOLED Display| Without Charger",https://m.media-amazon.com/images/I/818Voe9yzCL._AC_UY218_.jpg,3.8 out of 5 stars,"₹28,998"
176,Vivo T2x 5G (128 GB) (6 GB RAM) (Aurora Gold),https://m.media-amazon.com/images/I/71q-C6DI7DL._AC_UY218_.jpg,4.1 out of 5 stars,"₹32,998"
177,"iQOO Z9x 5G (Storm Grey, 4GB RAM, 128GB Storage) | Snapdragon 6 Gen 1 with 560k+ AnTuTu Score | 6000mAh Battery with 7.99mm Slim Design | 44W FlashCharge",https://m.media-amazon.com/images/I/61sY8BGOyEL._AC_UY218_.jpg,4.1 out of 5 stars,"₹34,999"
178,"OnePlus 11R 5G (Solar Red, 8GB RAM, 128GB Storage)",https://m.media-amazon.com/images/I/71kyBaSG1-L._AC_UY218_.jpg,4.4 out of 5 stars,"₹18,498"
179,"OnePlus Nord 4 5G (Oasis Green, 8GB RAM, 256GB Storage)",https://m.media-amazon.com/images/I/616wnQmPQ-L._AC_UY218_.jpg,4.2 out of 5 stars,"₹16,248"
180,"HONOR 200 5G (Moonlight White, 8GB + 256GB) | 6.7-inch AMOLED Quad-Curved Display | Dual OIS 50MP + 50MP + 12MP Camera | 50MP Selfie Camera | AI-Powered MagicOS 8.0 | Without Charger",https://m.media-amazon.com/images/I/71nro9DdXcL._AC_UY218_.jpg,4.3 out of 5 stars,"₹62,999"
181,"iQOO Z9 5G (Brushed Green, 8GB RAM, 128GB Storage) | Dimensity 7200 5G Processor | Sony IMX882 OIS Camera | 120Hz AMOLED with 1800 nits Local Peak Brightness | 44W Charger in The Box",https://m.media-amazon.com/images/I/61pt59LW-lL._AC_UY218_.jpg,4.2 out of 5 stars,"₹33,500"
182,"realme NARZO 70 5G (Forest Green,8GB RAM, 128GB Storage | Dimensity 7050 5G Chipset | 120Hz AMOLED Display | 50MP Primary Camera | 45W Charger in The Box",https://m.media-amazon.com/images/I/714BfLMFR6L._AC_UY218_.jpg,4.1 out of 5 stars,"₹19,999"
183,"Samsung Galaxy S24 5G AI Smartphone (Marble Gray, 8GB, 128GB Storage)",https://m.media-amazon.com/images/I/71IfBk7ET0L._AC_UY218_.jpg,4.0 out of 5 stars,"₹22,999"
184,SAMSUNG GALAXY S23 FE 5G (GRAPHITE 128 GB STORAGE) (8 GB RAM),https://m.media-amazon.com/images/I/61-E0V81kBL._AC_UY218_.jpg,3.7 out of 5 stars,"₹45,998"
185,"Samsung Galaxy M35 5G (Daybreak Blue,6GB RAM,128GB Storage)| Corning Gorilla Glass Victus+| AnTuTu Score 595K+ | Vapour Cooling Chamber | 6000mAh Battery | 120Hz Super AMOLED Display| Without Charger",https://m.media-amazon.com/images/I/81bjSZL8tNL._AC_UY218_.jpg,4.1 out of 5 stars,"₹15,699"
186,"Vivo Y200 5G Mobile (Jungle Green, 8GB RAM, 256GB Storage) with No Cost EMI/Additional Exchange Offers",https://m.media-amazon.com/images/I/51bhHLcul5L._AC_UY218_.jpg,3.9 out of 5 stars,"₹16,998"
187,"OnePlus 12R (Iron Gray, 16GB RAM, 256GB Storage)",https://m.media-amazon.com/images/I/71XNeka-BRL._AC_UY218_.jpg,4.3 out of 5 stars,"₹16,499"
188,"realme P1 5G (Phonix Red, 6GB RAM, 128GB Storage)",https://m.media-amazon.com/images/I/710XVU2QtDL._AC_UY218_.jpg,3.9 out of 5 stars,"₹15,998"
189,"TECNO Spark 20 PRO 5G (Glossy White, 8GB+256GB)| 108MP Ultra Clear Imaging | Super Ellipse Design | MTK D6080 5G Processor | 6.78"" 120Hz LTPS LCD Display | 5000mAh Battery with 33W Charger",https://m.media-amazon.com/images/I/61EkU-tLo6L._AC_UY218_.jpg,4.3 out of 5 stars,"₹33,499"
190,HMD Crest Max 5G | Segment 1st 50 MP Front Cam | Triple Rear AI Cam with 64 MP Primary Sony Sensor | FHD+ OLED Display | 8 GB RAM & 256 GB Storage | Android 14 | 33W Fast Charger in Box | Deep Purple,https://m.media-amazon.com/images/I/61Q4lRPtMdL._AC_UY218_.jpg,3.6 out of 5 stars,"₹15,519"
191,"iQOO Z9x 5G (Storm Grey, 8GB RAM, 128GB Storage) | Snapdragon 6 Gen 1 with 560k+ AnTuTu Score | 6000mAh Battery with 7.99mm Slim Design | 44W FlashCharge",https://m.media-amazon.com/images/I/61sY8BGOyEL._AC_UY218_.jpg,4.1 out of 5 stars,"₹15,999"
192,"Redmi Note 13 Pro+ (Fusion Black, 12GB RAM, 512GB Storage)",https://m.media-amazon.com/images/I/71nrf4zgq5L._AC_UY218_.jpg,3.9 out of 5 stars,"₹12,999"
193,"Redmi Note 13 5G (Chromatic Purple, 6GB RAM, 128GB Storage)",https://m.media-amazon.com/images/I/71MGSe0lcML._AC_UY218_.jpg,3.7 out of 5 stars,"₹38,998"
194,"realme NARZO 70 5G (Forest Green,6GB RAM, 128GB Storage | Dimensity 7050 5G Chipset | 120Hz AMOLED Display | 50MP Primary Camera | 45W Charger in The Box",https://m.media-amazon.com/images/I/714BfLMFR6L._AC_UY218_.jpg,4.1 out of 5 stars,"₹18,999"
195,POCO M6 Pro 5G (128 GB) (6 GB RAM) (Power Black),https://m.media-amazon.com/images/I/51dGqSFNrDL._AC_UY218_.jpg,3.8 out of 5 stars,"₹17,248"
196,"realme GT 6T 5G (Razor Green,12GB RAM+512GB Storage) | India's 1st 7+ Gen 3 Flagship Chipset | 1.5M+AnTuTu Score | 5500mAh+120W | The World's Brightest Flagship Display",https://m.media-amazon.com/images/I/71fhaUR7VGL._AC_UY218_.jpg,4.3 out of 5 stars,"₹35,998"
197,"POCO X6 5G (Mirror Black, 12 GB RAM 512 GB Storage)",https://m.media-amazon.com/images/I/51FFhrE2eYL._AC_UY218_.jpg,4.1 out of 5 stars,"₹19,999"
198,"realme NARZO 70 Pro 5G (Glass Green, 8GB RAM,128GB Storage) Dimensity 7050 5G Chipset | Horizon Glass Design | Segment 1st Flagship Sony IMX890 OIS Camera",https://m.media-amazon.com/images/I/71-ZHpmFzDL._AC_UY218_.jpg,4.1 out of 5 stars,"₹7,699"
199,"OnePlus Nord 4 5G (Obsidian Midnight, 12GB RAM, 256GB Storage)",https://m.media-amazon.com/images/I/61NbiB1GU-L._AC_UY218_.jpg,4.2 out of 5 stars,"₹19,999"
200,"Samsung Galaxy A15 5G (Blue Black, 8GB, 256GB Storage) | 50 MP Main Camera | Android 14 with One UI 6.0 | 16GB Expandable RAM | MediaTek Dimensity 6100+ | 5000 mAh Battery",https://m.media-amazon.com/images/I/71QZyo8ekbL._AC_UY218_.jpg,3.5 out of 5 stars,"₹9,499"
201,itel P55+ 4G | Upto 16GB RAM with Memory Fusion & 256GB ROM| 50MP AI Dual Rear Camera & 8MP Front Camera| 45W Charger with 5000 mAh Battery | Dynamic Bar|UFS 2.2| Royal Green,https://m.media-amazon.com/images/I/71ZTVhGMgoL._AC_UY218_.jpg,3.9 out of 5 stars,"₹11,498"
202,"Oppo F25 Pro 5G (Lava Red, 8GB RAM, 128GB Storage) with No Cost EMI/Additional Exchange Offers",https://m.media-amazon.com/images/I/810HI-4wV+L._AC_UY218_.jpg,4.0 out of 5 stars,"₹17,999"
203,POCO C65(Matte Black 6GB RAM 128GB Storage),https://m.media-amazon.com/images/I/51PQfSwIqyL._AC_UY218_.jpg,4.0 out of 5 stars,"₹19,998"
204,"realme NARZO N65 5G (Deep Green 4GB RAM, 128GB Storage) India's 1st D6300 5G Chipset | Ultra Slim 190g Design | 120Hz Eye Comfort Display | 50MP AI Camera| Charger in The Box",https://m.media-amazon.com/images/I/710qN4eow2L._AC_UY218_.jpg,4.1 out of 5 stars,"₹14,999"
205,"OPPO A3 Pro 5G (Moonlight Purple, 8GB RAM, 128GB Storage)|6.67” HD+ 120Hz Refresh Rate Screen | 45W SUPERVOOC|with No Cost EMI/Additional Exchange Offers",https://m.media-amazon.com/images/I/81ZFLjC0JJL._AC_UY218_.jpg,4.0 out of 5 stars,"₹12,434"
206,"OnePlus Nord CE4 Lite 5G (Mega Blue, 8GB RAM, 128GB Storage)",https://m.media-amazon.com/images/I/5155PFA2N+L._AC_UY218_.jpg,4.1 out of 5 stars,"₹13,499"
207,"Redmi 13 5G, Black Diamond, 8GB+128GB | India Debut SD 4 Gen 2 AE | 108MP Pro Grade Camera | 6.79in Largest Display in Segment",https://m.media-amazon.com/images/I/81ndCd07RuL._AC_UY218_.jpg,3.9 out of 5 stars,"₹22,998"
208,"Vivo T3 Lite 5G Smartphone (Vibrant Green, 6GB Ram 128GB Storage)",https://m.media-amazon.com/images/I/61VxzkiD1EL._AC_UY218_.jpg,3.3 out of 5 stars,"₹17,248"
209,"POCO M6 5G (Galactic Black, 8GB RAM, 256GB Storage) | MediaTek Dimensity 6100+ 5G Processor | 5000 mAh Battery + 18W Fast Charging | 50 MP AI Dual-Camera System & Side Fingerprint Sensor",https://m.media-amazon.com/images/I/71b0T9mkV3L._AC_UY218_.jpg,3.9 out of 5 stars,"₹16,248"
210,"OnePlus Nord CE4 Lite 5G (Mega Blue, 8GB RAM, 256GB Storage)",https://m.media-amazon.com/images/I/5155PFA2N+L._AC_UY218_.jpg,4.1 out of 5 stars,"₹24,998"
211,"realme NARZO 70 Pro 5G (Glass Gold, 8GB RAM,128GB Storage) Dimensity 7050 5G Chipset | Horizon Glass Design | Segment 1st Flagship Sony IMX890 OIS Camera",https://m.media-amazon.com/images/I/71VwgEu6N6L._AC_UY218_.jpg,4.1 out of 5 stars,"₹65,900"
212,"realme NARZO 70 5G (Ice Blue,8GB RAM, 128GB Storage | Dimensity 7050 5G Chipset | 120Hz AMOLED Display | 50MP Primary Camera | 45W Charger in The Box",https://m.media-amazon.com/images/I/712qzWNmjFL._AC_UY218_.jpg,4.1 out of 5 stars,"₹35,995"
213,"Oneplus Nord CE4 (Celadon Marble, 8GB RAM, 128Gb Storage)",https://m.media-amazon.com/images/I/61nxQ62qglL._AC_UY218_.jpg,4.2 out of 5 stars,"₹27,438"
214,Apple iPhone 15 (128 GB) - Black,https://m.media-amazon.com/images/I/71657TiFeHL._AC_UY218_.jpg,4.5 out of 5 stars,"₹21,998"
215,SAMSUNG GALAXY S23 FE 5G (MINT 256 GB STORAGE) (8 GB RAM),https://m.media-amazon.com/images/I/617l83eY1rL._AC_UY218_.jpg,3.8 out of 5 stars,"₹17,999"
216,"realme 13 Pro 5G (512, Emerald Green, New)",https://m.media-amazon.com/images/I/817QFGOqiSL._AC_UY218_.jpg,3.3 out of 5 stars,"₹57,998"
217,"iQOO Z9s 5G (Onyx Green, 8GB RAM, 256GB Storage) | 120 Hz 3D Curved AMOLED Display | 5500 mAh Ultra-Thin Battery | Dimesity 7300 5G Processor | Sony IMX882 OIS Camera with Aura Light",https://m.media-amazon.com/images/I/61nO5YRaAxL._AC_UY218_.jpg,4.4 out of 5 stars,"₹12,789"
218,"realme NARZO 70 Turbo 5G (Turbo Yellow, 8GB RAM, 128GB Storage) | Segment's Fastest Dimensity 7300 Energy 5G Chipset | Motorsports Inspired Design",https://m.media-amazon.com/images/I/71gdaaBCYHL._AC_UY218_.jpg,4.7 out of 5 stars,"₹8,648"
219,"iQOO 12 5G (Alpha, 16Gb Ram, 512Gb Storage) | India's 1St Snapdragon 8 Gen 3 Backcase for Mobile Platform | India's Only Flagship with 50Mp + 50Mp + 64Mp Camera, Black",https://m.media-amazon.com/images/I/61JUyx1-SbL._AC_UY218_.jpg,4.5 out of 5 stars,"₹52,440"
220,"Motorola G34 5G (Ocean Green, 4GB RAM, 128GB Storage) | Fastest 5G Processor Snapdragon 695 5G | 50 MP Quad Pixel Camera with Image Auto Enhance | 5000 mAh Battery with 20 W TurboPower Charger",https://m.media-amazon.com/images/I/71wphX7yUqL._AC_UY218_.jpg,4.2 out of 5 stars,"₹23,998"
221,"Redmi A3 (Olive Green, 6GB RAM, 128GB Storage) | Premium Halo Design | 90Hz Display | Powerful 4G G36 Processor",https://m.media-amazon.com/images/I/71dJSabHYiL._AC_UY218_.jpg,3.6 out of 5 stars,"₹29,998"
222,"iQOO 9 5G (Phoenix, 12Gb Ram, 256Gb Storage) | Innovative Color Changing Technology | 120W Flashcharge Cellular Phoenix",https://m.media-amazon.com/images/I/51xqd7WvruL._AC_UY218_.jpg,3.9 out of 5 stars,"₹19,999"
223,"iQOO Z9s 5G (Onyx Green, 12GB RAM, 256GB Storage) | 120 Hz 3D Curved AMOLED Display | 5500 mAh Ultra-Thin Battery | Dimesity 7300 5G Processor | Sony IMX882 OIS Camera with Aura Light",https://m.media-amazon.com/images/I/61nO5YRaAxL._AC_UY218_.jpg,4.4 out of 5 stars,"₹24,499"
224,"OnePlus Nord 4 5G (Oasis Green, 8GB RAM, 128GB Storage)",https://m.media-amazon.com/images/I/616wnQmPQ-L._AC_UY218_.jpg,4.2 out of 5 stars,"₹6,640"
225,"OPPO A3 Pro 5G (Moonlight Purple, 8GB RAM, 256GB Storage)|6.67” HD+ 120Hz Refresh Rate Screen | 45W SUPERVOOC|with No Cost EMI/Additional Exchange Offers",https://m.media-amazon.com/images/I/81ZFLjC0JJL._AC_UY218_.jpg,4.0 out of 5 stars,"₹32,964"
226,"Samsung Galaxy M35 5G (Daybreak Blue,8GB RAM,256GB Storage)| Corning Gorilla Glass Victus+| AnTuTu Score 595K+ | Vapour Cooling Chamber | 6000mAh Battery | 120Hz Super AMOLED Display| Without Charger",https://m.media-amazon.com/images/I/81bjSZL8tNL._AC_UY218_.jpg,4.1 out of 5 stars,"₹19,345"
227,"Redmi A3X (Ocean Green, 3GB RAM, 64GB Storage) | Premium Halo Design | 90Hz Display | Powerful Octa Core Processor",https://m.media-amazon.com/images/I/81tkxQmAetL._AC_UY218_.jpg,3.5 out of 5 stars,"₹22,699"
228,SAMSUNG GALAXY S23 FE 5G (MINT 128 GB STORAGE) (8 GB RAM),https://m.media-amazon.com/images/I/617l83eY1rL._AC_UY218_.jpg,3.7 out of 5 stars,"₹44,249"
229,"Moto G85 5G 8GB 128GB, Olive Green, New",https://m.media-amazon.com/images/I/713juGG4kEL._AC_UY218_.jpg,3.9 out of 5 stars,"₹24,499"
230,Samsung Galaxy F54 5G (Meteor Blue) (256 GB ROM) (8 GB RAM),https://m.media-amazon.com/images/I/91IKi40QnlL._AC_UY218_.jpg,3.7 out of 5 stars,"₹21,499"
231,"Motorola razr 40 Ultra (Viva Magenta, 8GB RAM, 256GB Storage) | 3.6"" External AMOLED Display | 6.9"" AMOLED 165Hz Display | 32MP Selfie Camera |30W TurboPower Charging | Android 13",https://m.media-amazon.com/images/I/617WN7I3E4L._AC_UY218_.jpg,3.7 out of 5 stars,"₹24,499"
232,"Samsung Galaxy M35 5G (Thunder Grey,8GB RAM,256GB Storage)| Corning Gorilla Glass Victus+| AnTuTu Score 595K+ | Vapour Cooling Chamber | 6000mAh Battery | 120Hz Super AMOLED Display| Without Charger",https://m.media-amazon.com/images/I/81XXj6IKM8L._AC_UY218_.jpg,4.1 out of 5 stars,"₹7,999"
233,"Samsung Galaxy M35 5G (Moonlight Blue,8GB RAM,128GB Storage)| Corning Gorilla Glass Victus+| AnTuTu Score 595K+ | Vapour Cooling Chamber | 6000mAh Battery | 120Hz Super AMOLED Display| Without Charger",https://m.media-amazon.com/images/I/81K450cOJML._AC_UY218_.jpg,4.1 out of 5 stars,"₹32,998"
234,"Samsung Galaxy M35 5G (Moonlight Blue,8GB RAM,256GB Storage)| Corning Gorilla Glass Victus+| AnTuTu Score 595K+ | Vapour Cooling Chamber | 6000mAh Battery | 120Hz Super AMOLED Display| Without Charger",https://m.media-amazon.com/images/I/81K450cOJML._AC_UY218_.jpg,4.1 out of 5 stars,"₹16,140"
235,"vivo Y18i (Gem Green, 4GB RAM, 64GB Storage) with No Cost EMI/Additional Exchange Offers |Without Charger",https://m.media-amazon.com/images/I/61zPXzehnrL._AC_UY218_.jpg,3.0 out of 5 stars,"₹19,998"
236,"realme GT 6T 5G (Razor Green,8GB RAM+256GB Storage) | India's 1st 7+ Gen 3 Flagship Chipset | 1.5M + AnTuTu Score | 5500mAh+120W | The World's Brightest Flagship Display",https://m.media-amazon.com/images/I/71fhaUR7VGL._AC_UY218_.jpg,4.3 out of 5 stars,"₹24,070"
237,CMF BY NOTHING Phone 1 5G (128 GB) (6 GB RAM) (Black),https://m.media-amazon.com/images/I/71jME4FPsdL._AC_UY218_.jpg,4.2 out of 5 stars,"₹45,998"
238,"Redmi Note 13 5G (Chromatic Purple, 12GB RAM, 256GB Storage)",https://m.media-amazon.com/images/I/71MGSe0lcML._AC_UY218_.jpg,3.7 out of 5 stars,"₹36,998"
239,"Motorola Edge 50 Fusion 5G (Marshmallow Blue, 8GB RAM, 128GB Storage)",https://m.media-amazon.com/images/I/71Mw8ADJxCL._AC_UY218_.jpg,3.9 out of 5 stars,"₹28,998"
240,"OnePlus 12R (Cool Blue, 16GB RAM, 256GB Storage)",https://m.media-amazon.com/images/I/717JX3femML._AC_UY218_.jpg,4.3 out of 5 stars,"₹11,000"
241,"Motorola Edge 50 Fusion 5G (Marshmallow Blue, 12GB RAM, 256GB Storage)",https://m.media-amazon.com/images/I/71XZP2Hm+5L._AC_UY218_.jpg,4.1 out of 5 stars,"₹26,998"
242,"iQOO Neo9 Pro 5G (Fiery Red, 8GB RAM, 256GB Storage) | Snapdragon 8 Gen 2 Processor | Supercomputing Chip Q1 | Flagship Level Sony IMX920 Camera",https://m.media-amazon.com/images/I/718jcIFYaAL._AC_UY218_.jpg,4.3 out of 5 stars,"₹18,499"
243,"iQOO Z9s Pro 5G (Flamboyant Orange, 12GB RAM, 256GB Storage) | Snapdragon 7 Gen 3 Processor | 120 Hz Curved AMOLED Display with 4500 nits Local Peak Brightness | 5500 mAh Battery | AI Erase",https://m.media-amazon.com/images/I/711ZTkL0l8L._AC_UY218_.jpg,4.5 out of 5 stars,"₹19,999"
244,"Samsung Galaxy M30 (Metallic Blue, 3GB RAM, Super AMOLED Display, 32GB Storage, 5000mAH Battery)",https://m.media-amazon.com/images/I/81Xpn-TDy-L._AC_UY218_.jpg,4.2 out of 5 stars,"₹15,999"
245,"iQOO Z9s Pro 5G (Flamboyant Orange, 8GB RAM, 256GB Storage) | Snapdragon 7 Gen 3 Processor | 120 Hz Curved AMOLED Display with 4500 nits Local Peak Brightness | 5500 mAh Battery | AI Erase",https://m.media-amazon.com/images/I/711ZTkL0l8L._AC_UY218_.jpg,4.5 out of 5 stars,"₹22,999"
246,"vivo Y58 5G (Sundarbans Green, 8GB RAM, 128GB Storage) with No Cost EMI/Additional Exchange Offers",https://m.media-amazon.com/images/I/61iJlcSln6L._AC_UY218_.jpg,4.2 out of 5 stars,"₹18,998"
247,"Oppo F25 Pro 5G (Ocean Blue, 8GB RAM, 128GB Storage) with No Cost EMI/Additional Exchange Offers",https://m.media-amazon.com/images/I/81FeGlImflL._AC_UY218_.jpg,4.0 out of 5 stars,"₹29,499"
248,"TECNO Camon 20 Premier 5G (Serenity Blue, 8GB RAM,512GB Storage)|8GB Expandable RAM| Industry 1st 50MP RGBW-Pro Camera| Segment 1st 108MP Ultra-Wide Macro Lens |6.67"" 120Hz, 10bit AMOLED in-Display",https://m.media-amazon.com/images/I/61SkyGjrDyL._AC_UY218_.jpg,3.9 out of 5 stars,"₹19,998"
249,"OPPO F27 5G (Emerald Green, 8GB RAM, 128GB Storage) | 6.67"" FHD+ AMOLED Display|32MP Sony IMX615 Selfie Camera |AI Portrait Expert| 45W SUPERVOOC| with No Cost EMI/Additional Exchange Offers",https://m.media-amazon.com/images/I/81CFCXH1tVL._AC_UY218_.jpg,3.2 out of 5 stars,"₹16,321"
250,"Redmi Note 13 5G (Arctic White, 8GB RAM, 256GB Storage) | 5G Ready | 120Hz Bezel-Less AMOLED | 7.mm Slimmest Note Ever | 108MP Pro-Grade Camera",https://m.media-amazon.com/images/I/71VW8LmqqPL._AC_UY218_.jpg,3.7 out of 5 stars,"₹21,480"
251,Motorola G04s 4G (4GB RAM & 64GB Storage) (Sea Green),https://m.media-amazon.com/images/I/71m6VWbtCML._AC_UY218_.jpg,4.7 out of 5 stars,"₹21,499"
252,"Redmi Note 13 Pro+ (Fusion Purple, 8GB RAM, 256GB Storage) | World's First Mediatek 7200 Ultra 5G | 200MP Hi-Res Camera | 1.5K Curved AMOLED | 120W HyperCharge",https://m.media-amazon.com/images/I/819sWoSDFRL._AC_UY218_.jpg,3.9 out of 5 stars,"₹32,998"
253,"Redmi Note 13 5G (Stealth Black, 12GB RAM, 256GB Storage) | 5G Ready | 120Hz Bezel-Less AMOLED | 7.mm Slimmest Note Ever | 108MP Pro-Grade Camera",https://m.media-amazon.com/images/I/71NnrsYP63L._AC_UY218_.jpg,3.7 out of 5 stars,"₹24,998"
254,"realme P1 5G (Peacock Green, 8GB RAM, 128GB Storage)",https://m.media-amazon.com/images/I/81bEtTGB4rL._AC_UY218_.jpg,3.9 out of 5 stars,"₹24,998"
255,"Samsung Galaxy A34 5G (Awesome Lime, 8GB, 128GB Storage) Without Offer",https://m.media-amazon.com/images/I/61zrlz6qlRL._AC_UY218_.jpg,4.2 out of 5 stars,"₹7,999"
256,"Samsung Galaxy M35 5G (Daybreak Blue,8GB RAM,128GB Storage)| Corning Gorilla Glass Victus+| AnTuTu Score 595K+ | Vapour Cooling Chamber | 6000mAh Battery | 120Hz Super AMOLED Display| Without Charger",https://m.media-amazon.com/images/I/81bjSZL8tNL._AC_UY218_.jpg,4.1 out of 5 stars,"₹29,998"
257,"realme GT 6T 5G (Fluid Silver,8GB RAM+256GB Storage) | India's 1st 7+ Gen 3 Flagship Chipset | 1.5M + AnTuTu Score | 5500mAh+120W | The World's Brightest Flagship Display",https://m.media-amazon.com/images/I/71ftthp966L._AC_UY218_.jpg,4.3 out of 5 stars,"₹30,980"
258,"Redmi Note 13 Pro (Coral Purple, 8GB RAM, 128GB Storage) | 1.5K AMOLED | 200MP Hi-Res Camera | Flagship 4nm SD 7s Gen 2 | 67W TurboCharge",https://m.media-amazon.com/images/I/71aiqeP-APL._AC_UY218_.jpg,4.0 out of 5 stars,"₹5,899"
259,"iQOO Z9s Pro 5G (Flamboyant Orange, 8GB RAM, 128GB Storage) | Snapdragon 7 Gen 3 Processor | 120 Hz Curved AMOLED Display with 4500 nits Local Peak Brightness | 5500 mAh Battery | AI Erase",https://m.media-amazon.com/images/I/711ZTkL0l8L._AC_UY218_.jpg,4.5 out of 5 stars,"₹15,998"
260,Motorola G04s 4G (4GB RAM & 64GB Storage) (Satin Blue),https://m.media-amazon.com/images/I/71zhRSs0I+L._AC_UY218_.jpg,3.8 out of 5 stars,"₹10,680"
261,"OnePlus Nord 4 5G (Obsidian Midnight, 8GB RAM, 128GB Storage)",https://m.media-amazon.com/images/I/61NbiB1GU-L._AC_UY218_.jpg,4.2 out of 5 stars,"₹10,999"
262,"Motorola Edge 50 Pro 5G with 68W Charger (Luxe Lavender, 256 GB) (8 GB RAM)",https://m.media-amazon.com/images/I/715aoVxQNTL._AC_UY218_.jpg,3.8 out of 5 stars,"₹6,499"
263,"(Refurbished) Xiaomi Redmi Note 7 (3GB 32GB , Sapphire Blue)",https://m.media-amazon.com/images/I/6180Ti9WL-L._AC_UY218_.jpg,3.8 out of 5 stars,"₹6,999"
264,"iQOO Z9x 5G (Tornado Green, 8GB RAM, 128GB Storage) | Snapdragon 6 Gen 1 with 560k+ AnTuTu Score | 6000mAh Battery with 7.99mm Slim Design | 44W FlashCharge",https://m.media-amazon.com/images/I/61wHkeTOhWL._AC_UY218_.jpg,4.1 out of 5 stars,"₹27,615"
265,"Redmi Note 10S (Deep Sea Blue, 6GB RAM, 64GB Storage) - Super Amoled Display | 64 MP Quad Camera |33W Charger Included",https://m.media-amazon.com/images/I/81B0HJigO-L._AC_UY218_.jpg,4.2 out of 5 stars,"₹9,499"
266,"vivo Y28e 5G (Vintage Red, 4GB RAM, 64GB Storage) with No Cost EMI/Additional Exchange Offers | Without Charger",https://m.media-amazon.com/images/I/718RrecpkVL._AC_UY218_.jpg,3.7 out of 5 stars,"₹12,999"
267,"Infinix Smart 8 HD, Galaxy White (3GB, 64GB)",https://m.media-amazon.com/images/I/61gkL2uejkL._AC_UY218_.jpg,4.0 out of 5 stars,"₹14,499"
268,"Redmi A3X (Starry White, 3GB RAM, 64GB Storage) | Premium Halo Design | 90Hz Display | Powerful Octa Core Processor",https://m.media-amazon.com/images/I/81eEiAv7TOL._AC_UY218_.jpg,3.5 out of 5 stars,"₹27,615"
269,"Nothing Phone (2a) 5G (Blue, 12GB RAM, 256GB Storage) | 6.7"" AMOLED Display | 50MP (OIS) + 50 MP | 32 MP Front | Mediatek Dimensity 7200 Pro Processor | Glyph Interface | 45 W Charging 100% in 59 mins",https://m.media-amazon.com/images/I/41k+AXTgkOL._AC_UY218_.jpg,4.2 out of 5 stars,"₹9,499"
270,"itel P55 5G (6GB RAM, 128GB ROM) Upto 12GB RAM with Memory Fusion | Dimensity 6080 | 50MP AI Dual Rear Camera | 5000mAh Battery | 2 Years Warranty | Mint Green",https://m.media-amazon.com/images/I/71UxGrhiy+L._AC_UY218_.jpg,4.0 out of 5 stars,"₹12,999"
271,"realme narzo N55 (Prime Black, 6GB+128GB) 33W Segment Fastest Charging | Super High-res 64MP Primary AI Camera",https://m.media-amazon.com/images/I/81ogvU1j6qL._AC_UY218_.jpg,4.1 out of 5 stars,"₹14,499"
272,"Samsung Galaxy M15 5G (Stone Grey,6GB RAM,128GB Storage)| 50MP Triple Cam| 6000mAh Battery| MediaTek Dimensity 6100+| 4 Gen. OS Upgrade & 5 Year Security Update| Super AMOLED Display| Without Charger",https://m.media-amazon.com/images/I/818Voe9yzCL._AC_UY218_.jpg,3.8 out of 5 stars,"₹17,550"
273,"Nothing Phone (2a) 5G (Blue, 12GB RAM, 256GB Storage) | 6.7"" AMOLED Display | 50MP (OIS) + 50 MP | 32 MP Front | Mediatek Dimensity 7200 Pro Processor | Glyph Interface | 45 W Charging 100% in 59 mins",https://m.media-amazon.com/images/I/41k+AXTgkOL._AC_UY218_.jpg,4.2 out of 5 stars,"₹9,099"
274,"itel P55 5G (6GB RAM, 128GB ROM) Upto 12GB RAM with Memory Fusion | Dimensity 6080 | 50MP AI Dual Rear Camera | 5000mAh Battery | 2 Years Warranty | Mint Green",https://m.media-amazon.com/images/I/71UxGrhiy+L._AC_UY218_.jpg,4.0 out of 5 stars,"₹25,299"
275,"realme narzo N55 (Prime Black, 6GB+128GB) 33W Segment Fastest Charging | Super High-res 64MP Primary AI Camera",https://m.media-amazon.com/images/I/81ogvU1j6qL._AC_UY218_.jpg,4.1 out of 5 stars,"₹26,998"
276,"Samsung Galaxy M15 5G (Stone Grey,6GB RAM,128GB Storage)| 50MP Triple Cam| 6000mAh Battery| MediaTek Dimensity 6100+| 4 Gen. OS Upgrade & 5 Year Security Update| Super AMOLED Display| Without Charger",https://m.media-amazon.com/images/I/818Voe9yzCL._AC_UY218_.jpg,3.8 out of 5 stars,"₹15,999"
277,"Motorola G64 5G (Mint Green, 12GB RAM, 256GB Storage) | Expandable Upto 2TB | Upto 24GB RAM with RAM Boost | 50MP (OIS) + 8MP | 16MP Front Camera | MediaTek Dimensity 7025 Processor | 6000 mAh Battery",https://m.media-amazon.com/images/I/71-QQkEiT0L._AC_UY218_.jpg,3.8 out of 5 stars,"₹4,390"
278,"Redmi 12 (Jade Black,6GB RAM, 128GB Storage) Without Offer",https://m.media-amazon.com/images/I/41HUgjT7lOL._AC_UY218_.jpg,3.5 out of 5 stars,"₹36,189"
279,"realme 12 Pro+ 5G (Submarine Blue, 8GB RAM, 256GB Storage) | 6.7"" 120Hz Curved AMOLED Display | 64MP Periscope + 50MP Sony IMX 890 OIS Camera + 8MP | 32MP Selfie Camera | 67W Super VOOC Charge",https://m.media-amazon.com/images/I/71JxLJvl5dL._AC_UY218_.jpg,4.0 out of 5 stars,"₹32,998"
280,"Oneplus Nord CE4 (Celadon Marble, 8GB RAM, 256GB Storage)",https://m.media-amazon.com/images/I/61nxQ62qglL._AC_UY218_.jpg,4.2 out of 5 stars,"₹14,850"
281,"(Refurbished) Redmi Note 11 Pro + 5G (Mirage Blue, 8GB RAM, 256GB Storage) 67W Turbo Charge | 120Hz Super AMOLED Display | Additional Exchange Offers |Charger Included|Get 2 Months of YouTube Premium Free",https://m.media-amazon.com/images/I/71UDT0TuNDL._AC_UY218_.jpg,3.1 out of 5 stars,"₹5,999"
282,"POCO X6 5G (Mirror Black, 8 GB RAM 256 GB Storage)",https://m.media-amazon.com/images/I/71n0XBq7HuL._AC_UY218_.jpg,4.1 out of 5 stars,"₹33,499"
283,"SHIVANSH YUTOPIA YU5050,GREPHITE (4GB RAM, 32GB ROM)",https://m.media-amazon.com/images/I/61MlWNSyPcL._AC_UY218_.jpg,2.4 out of 5 stars,"₹20,629"
284,SAMSUNG GALAXY S23 FE 5G (GRAPHITE 256 GB STORAGE) (8 GB RAM),https://m.media-amazon.com/images/I/61-E0V81kBL._AC_UY218_.jpg,3.7 out of 5 stars,"₹15,794"
285,"OnePlus Nord 4 5G (Obsidian Midnight, 8GB RAM, 256GB Storage)",https://m.media-amazon.com/images/I/61NbiB1GU-L._AC_UY218_.jpg,4.2 out of 5 stars,"₹55,990"
286,"realme 12 5G (Twilight Purple, 8GB RAM 128 GB Storage) | 108 MP 3X Zoom Portrait Camera | Trendy Watch Design | 45 W SUPERVOOC Charge | 5000 mAh Massive Battery | Dual Stereo Speakers | Dynamic Button",https://m.media-amazon.com/images/I/71sjOl7U24L._AC_UY218_.jpg,4.1 out of 5 stars,"₹6,499"
287,"itel A50|6.6"" HD+ Display with Dynamic Bar| 3GB RAM +64GB ROM, Upto 8GB RAM with Memory Fusion|Octacore Processor|8MP AI Dual Rear Cam|5000 mAh Battery | Shimmer Gold",https://m.media-amazon.com/images/I/71wZy0ZHFHL._AC_UY218_.jpg,3.8 out of 5 stars,"₹6,999"
288,"Redmi Note 13 Pro+ (Fusion Purple, 12GB RAM, 512GB Storage) | World's First Mediatek 7200 Ultra 5G | 200MP Hi-Res Camera | 1.5K Curved AMOLED | 120W HyperCharge",https://m.media-amazon.com/images/I/819sWoSDFRL._AC_UY218_.jpg,3.9 out of 5 stars,"₹27,615"
289,"Moto G85 5G (256, Cobalt Blue, New)",https://m.media-amazon.com/images/I/51EJ9Q9jr8L._AC_UY218_.jpg,4.1 out of 5 stars,"₹19,167"
290,"CMF by Nothing Phone 1 5G (Blue, 6GB RAM, 128GB Storage) | Expandable Upto 2 TB | 50MP+2MP | 16MP Front Camera | Dimensity 7300 5G Processor | 6.67 AMOLED Display | 33W Fast Charging | Designed 2 Last",https://m.media-amazon.com/images/I/71IuyUt8LZL._AC_UY218_.jpg,4.2 out of 5 stars,"₹9,499"
291,"Vivo V40 Pro 5G AI Smartphone (Ganges Blue, 12GB RAM+ 512GB Storage)",https://m.media-amazon.com/images/I/61OgMJeh15L._AC_UY218_.jpg,3.7 out of 5 stars,"₹12,999"
292,"Infinix Smart 8 HD, Galaxy White (3GB, 64GB)",https://m.media-amazon.com/images/I/61gkL2uejkL._AC_UY218_.jpg,4.0 out of 5 stars,"₹14,499"
293,"Redmi A3X (Starry White, 3GB RAM, 64GB Storage) | Premium Halo Design | 90Hz Display | Powerful Octa Core Processor",https://m.media-amazon.com/images/I/81eEiAv7TOL._AC_UY218_.jpg,3.5 out of 5 stars,"₹17,550"
294,"Motorola Edge 50 Fusion 5G (Forest Blue, 12GB RAM, 256GB Storage)",https://m.media-amazon.com/images/I/71ZJ6bsARtL._AC_UY218_.jpg,3.8 out of 5 stars,"₹15,999"
295,"Nothing Phone (2a) 5G (Blue, 12GB RAM, 256GB Storage) | 6.7"" AMOLED Display | 50MP (OIS) + 50 MP | 32 MP Front | Mediatek Dimensity 7200 Pro Processor | Glyph Interface | 45 W Charging 100% in 59 mins",https://m.media-amazon.com/images/I/41k+AXTgkOL._AC_UY218_.jpg,4.2 out of 5 stars,"₹9,099"
296,Samsung Galaxy f55 5g Apricot Crush 8GB 128 GB,https://m.media-amazon.com/images/I/61NJIqWzScL._AC_UY218_.jpg,3.5 out of 5 stars,"₹25,299"
297,"itel P55 5G (6GB RAM, 128GB ROM) Upto 12GB RAM with Memory Fusion | Dimensity 6080 | 50MP AI Dual Rear Camera | 5000mAh Battery | 2 Years Warranty | Mint Green",https://m.media-amazon.com/images/I/71UxGrhiy+L._AC_UY218_.jpg,4.0 out of 5 stars,"₹26,998"
298,"realme narzo N55 (Prime Black, 6GB+128GB) 33W Segment Fastest Charging | Super High-res 64MP Primary AI Camera",https://m.media-amazon.com/images/I/81ogvU1j6qL._AC_UY218_.jpg,4.1 out of 5 stars,"₹22,999"
299,"Samsung Galaxy M15 5G (Stone Grey,6GB RAM,128GB Storage)| 50MP Triple Cam| 6000mAh Battery| MediaTek Dimensity 6100+| 4 Gen. OS Upgrade & 5 Year Security Update| Super AMOLED Display| Without Charger",https://m.media-amazon.com/images/I/818Voe9yzCL._AC_UY218_.jpg,3.8 out of 5 stars,"₹15,999"
300,"Motorola G64 5G (Mint Green, 12GB RAM, 256GB Storage) | Expandable Upto 2TB | Upto 24GB RAM with RAM Boost | 50MP (OIS) + 8MP | 16MP Front Camera | MediaTek Dimensity 7025 Processor | 6000 mAh Battery",https://m.media-amazon.com/images/I/71-QQkEiT0L._AC_UY218_.jpg,3.8 out of 5 stars,"₹4,390"
301,"OPPO A3 5G (Nebula Red, 6GB RAM, 128GB Storage)",https://m.media-amazon.com/images/I/81Xl10tx7hL._AC_UY218_.jpg,3.8 out of 5 stars,"₹20,999"
302,"Redmi 12 (Jade Black,6GB RAM, 128GB Storage) Without Offer",https://m.media-amazon.com/images/I/41HUgjT7lOL._AC_UY218_.jpg,3.5 out of 5 stars,"₹22,998"
303,"realme 12 Pro+ 5G (Submarine Blue, 8GB RAM, 256GB Storage) | 6.7"" 120Hz Curved AMOLED Display | 64MP Periscope + 50MP Sony IMX 890 OIS Camera + 8MP | 32MP Selfie Camera | 67W Super VOOC Charge",https://m.media-amazon.com/images/I/71JxLJvl5dL._AC_UY218_.jpg,4.0 out of 5 stars,"₹36,189"
304,"Oneplus Nord CE4 (Celadon Marble, 8GB RAM, 256GB Storage)",https://m.media-amazon.com/images/I/61nxQ62qglL._AC_UY218_.jpg,4.2 out of 5 stars,"₹32,998"
305,"OPPO F27 5G (Emerald Green, 8GB RAM, 128GB Storage) | 6.67"" FHD+ AMOLED Display|32MP Sony IMX615 Selfie Camera |AI Portrait Expert| 45W SUPERVOOC| with No Cost EMI/Additional Exchange Offers",https://m.media-amazon.com/images/I/81CFCXH1tVL._AC_UY218_.jpg,3.2 out of 5 stars,"₹14,850"
306,"(Refurbished) Redmi Note 11 Pro + 5G (Mirage Blue, 8GB RAM, 256GB Storage) 67W Turbo Charge | 120Hz Super AMOLED Display | Additional Exchange Offers |Charger Included|Get 2 Months of YouTube Premium Free",https://m.media-amazon.com/images/I/71UDT0TuNDL._AC_UY218_.jpg,3.1 out of 5 stars,"₹5,999"
307,"POCO X6 5G (Mirror Black, 8 GB RAM 256 GB Storage)",https://m.media-amazon.com/images/I/71n0XBq7HuL._AC_UY218_.jpg,4.1 out of 5 stars,"₹26,885"
308,"SHIVANSH YUTOPIA YU5050,GREPHITE (4GB RAM, 32GB ROM)",https://m.media-amazon.com/images/I/61MlWNSyPcL._AC_UY218_.jpg,2.4 out of 5 stars,"₹33,499"
309,"Vivo Y200e 5G (Black Diamond, 8GB RAM, 128GB Storage) with No Cost EMI/Additional Exchange Offers",https://m.media-amazon.com/images/I/61x1B80rNnL._AC_UY218_.jpg,4.1 out of 5 stars,"₹6,999"
310,"OnePlus Nord CE4 Lite 5G (Ultra Orange, 8GB RAM, 256GB Storage)",https://m.media-amazon.com/images/I/51KJE22BKrL._AC_UY218_.jpg,4.1 out of 5 stars,"₹29,989"
311,SAMSUNG GALAXY S23 FE 5G (GRAPHITE 256 GB STORAGE) (8 GB RAM),https://m.media-amazon.com/images/I/61-E0V81kBL._AC_UY218_.jpg,3.7 out of 5 stars,"₹15,499"
312,"OnePlus Nord 4 5G (Obsidian Midnight, 8GB RAM, 256GB Storage)",https://m.media-amazon.com/images/I/61NbiB1GU-L._AC_UY218_.jpg,4.2 out of 5 stars,"₹24,999"
313,"realme 12 5G (Twilight Purple, 8GB RAM 128 GB Storage) | 108 MP 3X Zoom Portrait Camera | Trendy Watch Design | 45 W SUPERVOOC Charge | 5000 mAh Massive Battery | Dual Stereo Speakers | Dynamic Button",https://m.media-amazon.com/images/I/71sjOl7U24L._AC_UY218_.jpg,4.1 out of 5 stars,"₹12,499"
314,"itel A50|6.6"" HD+ Display with Dynamic Bar| 3GB RAM +64GB ROM, Upto 8GB RAM with Memory Fusion|Octacore Processor|8MP AI Dual Rear Cam|5000 mAh Battery | Shimmer Gold",https://m.media-amazon.com/images/I/71wZy0ZHFHL._AC_UY218_.jpg,3.8 out of 5 stars,"₹24,999"
315,Motorola Edge 50 5G (8GB RAM + 256GB Storage) | 50MP + 13MP + 10MP | 32MP Front Camera | 5000 mAh Battery | Snapdragon 7 Gen 1 Accelerated Edition Processor (Koala Grey),https://m.media-amazon.com/images/I/717W4ChYgKL._AC_UY218_.jpg,2.8 out of 5 stars,"₹11,621"
316,"Redmi Note 13 Pro+ (Fusion Purple, 12GB RAM, 512GB Storage) | World's First Mediatek 7200 Ultra 5G | 200MP Hi-Res Camera | 1.5K Curved AMOLED | 120W HyperCharge",https://m.media-amazon.com/images/I/819sWoSDFRL._AC_UY218_.jpg,3.9 out of 5 stars,"₹41,999"
